Workbook
Name Slicer_performance: #N/A

Sheet avg_order_amt
A1: area | B1: no_of_order | C1: avg_order_amt
A2: Suryapet | B2: 44 | C2: 1697
A3: Phusro | B3: 27 | C3: 1693.85
A4: Kulti | B4: 29 | C4: 1563.56
A5: Nadiad | B5: 55 | C5: 1551.5
A6: Siwan | B6: 66 | C6: 1489.34

Sheet no_of_order
A1: area | B1: avg_order_amt | C1: no_of_order
A2: Deoghar | B2: 1139.37 | C2: 200
A3: Orai | B3: 1116.72 | C3: 190
A4: Jalna | B4: 1273.02 | C4: 175
A5: Bathinda | B5: 1136.22 | C5: 168
A6: Machilipatnam | B6: 1027.97 | C6: 164

Sheet deli_performance
A1: area | B1: avg_delivery_mins | C1: performance
A2: Jalna | B2: 2.43 | C2: Good
A3: Kulti | B3: 3.7 | C3: Good
A4: Deoghar | B4: 3.73 | C4: Good
A5: Bathinda | B5: 4.74 | C5: Good
A6: Machilipatnam | B6: 4.78 | C6: Good
A7: Suryapet | B7: 5.71 | C7: Decent
A8: Orai | B8: 5.98 | C8: Decent
A9: Siwan | B9: 9.25 | C9: Decent
A10: Nadiad | B10: 10.43 | C10: Bad
A11: Phusro | B11: 12.75 | C11: Bad

Sheet pivot_tables
E1: performance | F1: (ALL)
A2: area | B2: Average Order Amount | C2: Percentage Distribution
A3: Kulti | B3: 1563.56 | C3: 0.19556111 | E3: area | F3: Average Delivery Mins
A4: Nadiad | B4: 1551.5 | C4: 0.19405272 | E4: Bathinda | F4: 4.74
A5: Phusro | B5: 1693.85 | C5: 0.21185704 | E5: Deoghar | F5: 3.73
A6: Siwan | B6: 1489.34 | C6: 0.1862781 | E6: Jalna | F6: 2.43
A7: Suryapet | B7: 1697 | C7: 0.21225102 | E7: Kulti | F7: 3.7
A8: Grand Total | B8: 7995.25 | C8: 1 | E8: Machilipatnam | F8: 4.78
E9: Nadiad | F9: 10.43
E10: Orai | F10: 5.98
A11: area | B11: No.of Orders | C11: Percentage Distribution | E11: Phusro | F11: 12.75
A12: Bathinda | B12: 168 | C12: 0.18729097 | E12: Siwan | F12: 9.25
A13: Deoghar | B13: 200 | C13: 0.22296544 | E13: Suryapet | F13: 5.71
A14: Jalna | B14: 175 | C14: 0.19509476 | E14: Grand Total | F14: 6.35
A15: Machilipatnam | B15: 164 | C15: 0.18283166
A16: Orai | B16: 190 | C16: 0.21181717
A17: Grand Total | B17: 897 | C17: 1

Sheet dashboard
A1: Top 5 Areas with Highest Average Order Amount & Highest No.of Orders, and Delivery Performance in Those Areas
N11: AREA | O11: DELAY (MINUTES) | P11: PERFORMANCE
N12: =deli_performance!A2 -> Jalna | O12: =deli_performance!B2 -> 2.43 | P12: =deli_performance!C2 -> Good
N13: =deli_performance!A3 -> Kulti | O13: =deli_performance!B3 -> 3.7 | P13: =deli_performance!C3 -> Good
N14: =deli_performance!A4 -> Deoghar | O14: =deli_performance!B4 -> 3.73 | P14: =deli_performance!C4 -> Good
N15: =deli_performance!A5 -> Bathinda | O15: =deli_performance!B5 -> 4.74 | P15: =deli_performance!C5 -> Good
N16: =deli_performance!A6 -> Machilipatnam | O16: =deli_performance!B6 -> 4.78 | P16: =deli_performance!C6 -> Good
N17: =deli_performance!A7 -> Suryapet | O17: =deli_performance!B7 -> 5.71 | P17: =deli_performance!C7 -> Decent
N18: =deli_performance!A8 -> Orai | O18: =deli_performance!B8 -> 5.98 | P18: =deli_performance!C8 -> Decent
N19: =deli_performance!A9 -> Siwan | O19: =deli_performance!B9 -> 9.25 | P19: =deli_performance!C9 -> Decent
N20: =deli_performance!A10 -> Nadiad | O20: =deli_performance!B10 -> 10.43 | P20: =deli_performance!C10 -> Bad
N21: =deli_performance!A11 -> Phusro | O21: =deli_performance!B11 -> 12.75 | P21: =deli_performance!C11 -> Bad
D44: AREA | F44: No.ORDER | N44: AREA | O44: AVG AMOUNT
D45: =no_of_order!A2 -> Deoghar | F45: =no_of_order!C2 -> 200 | N45: =avg_order_amt!A2 -> Suryapet | O45: =avg_order_amt!C2 -> 1697
D46: =no_of_order!A3 -> Orai | F46: =no_of_order!C3 -> 190 | N46: =avg_order_amt!A3 -> Phusro | O46: =avg_order_amt!C3 -> 1693.85
D47: =no_of_order!A4 -> Jalna | F47: =no_of_order!C4 -> 175 | N47: =avg_order_amt!A4 -> Kulti | O47: =avg_order_amt!C4 -> 1563.56
D48: =no_of_order!A5 -> Bathinda | F48: =no_of_order!C5 -> 168 | N48: =avg_order_amt!A5 -> Nadiad | O48: =avg_order_amt!C5 -> 1551.5
D49: =no_of_order!A6 -> Machilipatnam | F49: =no_of_order!C6 -> 164 | N49: =avg_order_amt!A6 -> Siwan | O49: =avg_order_amt!C6 -> 1489.34
